Designator,Mid X,Mid Y,Rotation,Layer
C1,108.75,-118.75,90.0,top
C10,102.62,-146.0,180.0,top
C11,137.67,-77.0,180.0,bottom
C12,139.75,-70.75,270.0,bottom
C13,138.0,-71.75,180.0,bottom
C14,135.0,-72.5,0.0,bottom
C15,135.0,-73.75,0.0,bottom
C16,137.67,-79.75,180.0,bottom
C17,144.6,-66.5,0.0,top
C18,144.6,-65.5,0.0,top
C19,143.5,-86.6,0.0,top
C2,100.75,-115.25,90.0,top
C20,152.5,-73.25,0.0,top
C21,136.5,-86.5,270.0,top
C22,144.02,-85.6,0.0,top
C23,151.75,-81.75,270.0,top
C24,152.5,-74.75,0.0,top
C25,125.0,-70.5,0.0,top
C26,131.5,-74.0,0.0,bottom
C27,125.0,-66.5,0.0,top
C28,137.5,-65.75,90.0,bottom
C29,125.0,-74.45,0.0,top
C3,127.0,-78.0,0.0,bottom
C30,131.5,-77.75,0.0,bottom
C31,125.0,-65.5,0.0,top
C32,138.5,-65.75,90.0,bottom
C33,125.0,-72.5,0.0,top
C34,131.5,-75.25,0.0,bottom
C35,125.0,-68.5,0.0,top
C36,135.0,-68.5,0.0,bottom
C37,125.0,-76.5,0.0,top
C38,131.5,-78.5,0.0,bottom
C39,125.07,-63.5,0.0,top
C4,136.25,-57.5,180.0,top
C40,136.5,-65.75,90.0,bottom
C41,123.8,-81.0,90.0,top
C42,112.5,-51.92,270.0,top
C43,115.08,-54.75,180.0,top
C44,142.897,-64.5,180.0,top
C45,142.389,-66.024,90.0,top
C46,147.595,-58.685,180.0,top
C47,125.0,-66.5,180.0,bottom
C48,132.0,-71.17,270.0,bottom
C49,125.0,-70.5,180.0,bottom
C5,144.2,-87.95,0.0,top
C50,137.67,-75.5,180.0,bottom
C51,125.0,-65.5,180.0,bottom
C52,137.17,-70.25,180.0,bottom
C53,137.67,-78.75,180.0,bottom
C54,139.5,-65.75,90.0,bottom
C55,100.0,-102.75,0.0,bottom
C56,100.0,-106.75,0.0,bottom
C57,100.0,-110.75,0.0,bottom
C58,185.33,-132.0,180.0,top
C59,131.0,-140.0,90.0,top
C6,114.0,-141.4,270.0,top
C60,123.75,-88.5,0.0,bottom
C61,113.5,-91.0,0.0,top
C62,113.5,-92.75,0.0,top
C63,127.0,-92.0,0.0,top
C64,123.8,-92.0,270.0,top
C65,123.8,-90.0,270.0,top
C66,123.8,-88.02,90.0,top
C67,127.0,-90.0,0.0,top
C68,127.0,-88.0,0.0,top
C69,113.5,-83.0,0.0,top
C7,116.0,-142.4,270.0,top
C70,113.5,-84.75,0.0,top
C71,127.0,-84.5,0.0,top
C72,123.75,-85.0,270.0,top
C73,123.75,-82.92,270.0,top
C74,115.08,-59.25,180.0,top
C75,127.0,-82.5,0.0,top
C76,127.0,-80.5,0.0,top
C77,97.75,-120.0,270.0,top
C78,153.25,-69.0,90.0,top
C79,153.25,-62.0,90.0,top
C8,107.2,-145.6,270.0,top
C80,166.8,-64.25,180.0,top
C81,170.0,-89.0,270.0,bottom
C82,173.0,-89.0,270.0,bottom
C83,160.0,-86.0,0.0,bottom
C84,160.0,-69.5,0.0,bottom
C85,160.0,-61.0,0.0,bottom
C9,102.6,-140.2,0.0,top
D1,100.425,-79.925,0.0,top
D2,105.25,-62.25,90.0,bottom
D3,110.4,-54.7,90.0,bottom
D4,129.25,-51.5,0.0,bottom
D5,90.5,-105.5,180.0,bottom
D6,90.5,-108.25,0.0,bottom
D7,184.1,-130.25,180.0,top
D8,103.0,-83.5,0.0,bottom
D9,100.75,-134.0,270.0,top
FB1,139.25,-63.0,270.0,top
FB2,142.3,-62.3,0.0,top
FB3,124.75,-93.0,90.0,bottom
FID1,97.75,-51.5,0.0,top
FID2,166.25,-51.5,0.0,top
FID3,96.5,-128.75,0.0,top
J1,95.0,-78.16,90.0,top
J11,177.045,-58.5,270.0,top
J12,177.045,-77.0,270.0,top
J2,91.25,-134.0,270.0,top
J6,92.0,-106.75,270.0,top
LED1,185.0,-134.0,180.0,top
R1,96.18,-133.0,0.0,top
R10,130.0,-65.5,0.0,top
R11,123.5,-72.93,270.0,top
R12,130.0,-72.5,0.0,top
R13,123.5,-68.93,270.0,top
R14,130.0,-68.5,0.0,top
R15,123.5,-76.93,270.0,top
R16,130.0,-76.5,0.0,top
R17,121.07,-64.93,270.0,top
R18,122.14,-63.5,0.0,top
R19,122.57,-64.93,270.0,top
R2,96.18,-135.5,0.0,top
R20,130.0,-63.5,0.0,top
R21,111.07,-51.5,0.0,top
R22,143.405,-66.024,90.0,top
R23,123.5,-66.93,270.0,bottom
R24,130.0,-66.5,180.0,bottom
R25,123.5,-70.93,270.0,bottom
R26,130.0,-70.5,180.0,bottom
R27,130.0,-65.5,180.0,bottom
R28,152.5,-71.5,0.0,top
R29,152.0,-65.6,180.0,top
R3,106.0,-144.0,270.0,top
R30,152.0,-66.9,180.0,top
R31,155.25,-71.5,180.0,top
R32,97.5,-102.32,270.0,top
R33,96.5,-103.18,90.0,top
R34,97.5,-106.32,270.0,top
R35,96.5,-107.18,90.0,top
R36,97.5,-110.32,270.0,top
R37,96.5,-111.18,90.0,top
R38,185.0,-137.0,0.0,top
R39,102.43,-70.75,0.0,bottom
R4,123.5,-70.93,270.0,top
R40,102.25,-74.0,0.0,bottom
R41,102.0,-69.07,270.0,bottom
R42,100.75,-73.57,270.0,bottom
R43,179.1,-56.6,180.0,bottom
R44,179.1,-55.2,180.0,bottom
R45,179.0,-75.5,180.0,bottom
R46,179.0,-74.25,180.0,bottom
R5,130.0,-70.5,0.0,top
R6,123.5,-66.93,270.0,top
R7,130.0,-66.5,0.0,top
R8,123.5,-74.93,270.0,top
R9,130.0,-74.45,0.0,top
U1,142.5,-76.25,270.0,top
U10,100.0,-102.75,90.0,top
U11,100.0,-106.75,90.0,top
U12,100.0,-110.75,90.0,top
U13,119.25,-88.75,0.0,top
U14,119.25,-81.75,0.0,top
U15,159.25,-67.5,0.0,top
U16,159.25,-60.5,0.0,top
U2,115.5,-52.5,90.0,top
U3,104.25,-119.25,90.0,top
U4,129.047742,-83.75,90.0,bottom
U5,136.25,-60.5,0.0,top
U6,144.25,-90.75,90.0,top
U7,110.2,-143.0,0.0,top
U8,115.5,-57.0,90.0,top
U9,145.85,-104.1,270.0,top
X1,147.6,-61.1,180.0,top
X2,102.6,-143.2,270.0,top
X3,134.15,-139.38,0.0,top
